{
  "cellData": {
    "activeTCoords": -1, 
    "activeScalars": -1, 
    "vtkClass": "vtkDataSetAttributes", 
    "arrays": [], 
    "activeNormals": -1, 
    "activeGlobalIds": -1, 
    "activeTensors": -1, 
    "activePedigreeIds": -1, 
    "activeVectors": -1
  }, 
  "fieldData": {
    "activeTCoords": -1, 
    "activeScalars": -1, 
    "vtkClass": "vtkDataSetAttributes", 
    "arrays": [], 
    "activeNormals": -1, 
    "activeGlobalIds": -1, 
    "activeTensors": -1, 
    "activePedigreeIds": -1, 
    "activeVectors": -1
  }, 
  "vtkClass": "vtkPolyData", 
  "polys": {
    "numberOfComponents": 1, 
    "name": null, 
    "vtkClass": "vtkCellArray", 
    "dataType": "Uint32Array", 
    "ranges": [
      {
        "max": 175335.0, 
        "component": null, 
        "min": 0.0
      }
    ], 
    "ref": {
      "encode": "LittleEndian", 
      "basepath": "data", 
      "id": "5180a3c088dce4e26089b9e66a6f3757"
    }, 
    "size": 1318256
  }, 
  "pointData": {
    "activeTCoords": -1, 
    "activeScalars": 0, 
    "vtkClass": "vtkDataSetAttributes", 
    "arrays": [
      {
        "data": {
          "numberOfComponents": 4, 
          "name": "__CustomRGBColorArray__", 
          "vtkClass": "vtkDataArray", 
          "dataType": "Uint8Array", 
          "ranges": [
            {
              "max": 253.0, 
              "component": null, 
              "min": 0.0
            }, 
            {
              "max": 201.0, 
              "component": null, 
              "min": 0.0
            }, 
            {
              "max": 178.0, 
              "component": null, 
              "min": 0.0
            }, 
            {
              "max": 255.0, 
              "component": null, 
              "min": 255.0
            }, 
            {
              "max": 391.62992735489456, 
              "component": null, 
              "min": 276.92778842145833
            }
          ], 
          "ref": {
            "encode": "LittleEndian", 
            "basepath": "data", 
            "id": "ec24964e3b2fe063a41677ed1f31716a"
          }, 
          "size": 701344
        }
      }
    ], 
    "activeNormals": -1, 
    "activeGlobalIds": -1, 
    "activeTensors": -1, 
    "activePedigreeIds": -1, 
    "activeVectors": -1
  }, 
  "points": {
    "numberOfComponents": 3, 
    "name": "Points", 
    "vtkClass": "vtkPoints", 
    "dataType": "Float32Array", 
    "ranges": [
      {
        "max": 1520.8375244140625, 
        "component": null, 
        "min": -4813.9580078125
      }, 
      {
        "max": 3480.9453125, 
        "component": null, 
        "min": -5774.9072265625
      }, 
      {
        "max": 3569.62158203125, 
        "component": null, 
        "min": -821.3781127929688
      }, 
      {
        "max": 6371.36269661734, 
        "component": null, 
        "min": 606.7535081940125
      }
    ], 
    "ref": {
      "encode": "LittleEndian", 
      "basepath": "data", 
      "id": "366bb51ae35ffd9cb172f6bc841cc7e8"
    }, 
    "size": 526008
  }, 
  "metadata": {
    "name": "Contour1"
  }
}