{
  "cellData": {
    "activeTCoords": -1, 
    "activeScalars": -1, 
    "vtkClass": "vtkDataSetAttributes", 
    "arrays": [], 
    "activeNormals": -1, 
    "activeGlobalIds": -1, 
    "activeTensors": -1, 
    "activePedigreeIds": -1, 
    "activeVectors": -1
  }, 
  "fieldData": {
    "activeTCoords": -1, 
    "activeScalars": -1, 
    "vtkClass": "vtkDataSetAttributes", 
    "arrays": [], 
    "activeNormals": -1, 
    "activeGlobalIds": -1, 
    "activeTensors": -1, 
    "activePedigreeIds": -1, 
    "activeVectors": -1
  }, 
  "vtkClass": "vtkPolyData", 
  "polys": {
    "numberOfComponents": 1, 
    "name": null, 
    "vtkClass": "vtkCellArray", 
    "dataType": "Uint32Array", 
    "ranges": [
      {
        "max": 446041.0, 
        "component": null, 
        "min": 0.0
      }
    ], 
    "ref": {
      "encode": "LittleEndian", 
      "basepath": "data", 
      "id": "a63bcf59ca9e18e10e1591ee186751fb"
    }, 
    "size": 2230240
  }, 
  "pointData": {
    "activeTCoords": -1, 
    "activeScalars": -1, 
    "vtkClass": "vtkDataSetAttributes", 
    "arrays": [], 
    "activeNormals": -1, 
    "activeGlobalIds": -1, 
    "activeTensors": -1, 
    "activePedigreeIds": -1, 
    "activeVectors": -1
  }, 
  "points": {
    "numberOfComponents": 3, 
    "name": "Points", 
    "vtkClass": "vtkPoints", 
    "dataType": "Float32Array", 
    "ranges": [
      {
        "max": 1526.353759765625, 
        "component": null, 
        "min": -4824.56298828125
      }, 
      {
        "max": 4321.43603515625, 
        "component": null, 
        "min": -5826.09228515625
      }, 
      {
        "max": 3569.62158203125, 
        "component": null, 
        "min": -821.3781127929688
      }, 
      {
        "max": 6383.927704947249, 
        "component": null, 
        "min": 61.757375151050596
      }
    ], 
    "ref": {
      "encode": "LittleEndian", 
      "basepath": "data", 
      "id": "3d19c6d9d8e52e13fa540a13d8e87d40"
    }, 
    "size": 1338126
  }, 
  "metadata": {
    "name": "high-res-vessel.vtk"
  }
}